Name,Type,Description,Image,Status

cat ,mojiro,it was lost nearly now,/uploads/image-1696345385200.jpg,Found
welcome,greate,test123,/uploads/image-1696346303951.jpg,Found
welcome,greate,test123,/uploads/image-1696346582514.jpg,Found
welcome,greate,test123,/uploads/image-1696346636498.jpg,Found
welcome,greate,test123,/uploads/image-1696346737567.jpg,Lost
new,1232,mlsclwkcmwlcnwenwnm fmndvmbv vk;jbv,/uploads/image-1696347183341.jpg,Found
cat,cat,cat,/uploads/image-1696348127242.jpg,Found
cat,cat,cat,/uploads/image-1696348193078.jpg,Found
123,123,lojkhoh,/uploads/image-1696348405172.jpg,Found
123,123,lojkhoh,/uploads/image-1696348578399.jpg,Found
123,123,lojkhoh,/uploads/image-1696348722843.jpg,Found
123,123,lojkhoh,/uploads/image-1696348762852.jpg,Found
123,123,lojkhoh,/uploads/image-1696348926376.jpg,Found
